{"loss_curve":{"path":"media/images/loss_curve_69_091bdca47f50c8dab204.png","format":"png","width":1000,"height":600,"_type":"image-file","sha256":"091bdca47f50c8dab204c0a69be8272cec02d2b282012391cbce73e6e1d6b684","size":40326},"epoch":10,"avg_train_multinomial_loss":51981.39573474217,"avg_train_loss":-34958.98407412696,"_timestamp":1.7689512311231942e+09,"avg_val_loss":-17896.82619133303,"avg_val_poisson_loss":-53418.750070879534,"_wandb":{"runtime":2201},"_runtime":2201,"_step":69,"avg_train_poisson_loss":-86940.38003324902,"avg_val_multinomial_loss":35521.92280430948}