{"loss_curve":{"_type":"image-file","sha256":"dcbf7892a2aacb34caced6d891843b94c63ca90d4898df5d98ed2679c4a9b6d9","size":22619,"path":"media/images/loss_curve_6_dcbf7892a2aacb34cace.png","format":"png","width":1000,"height":600},"_runtime":261,"_timestamp":1.7689462231402588e+09,"avg_val_loss":-14746.417845695249,"avg_val_poisson_loss":-51559.51439642137,"avg_val_multinomial_loss":36813.096986832155,"_wandb":{"runtime":261},"_step":6,"avg_train_multinomial_loss":55447.559991024806,"avg_train_loss":-12049.903701563106,"epoch":1,"avg_train_poisson_loss":-67497.46393093179}