{"avg_train_poisson_loss":-65650.87812092036,"_runtime":265,"avg_train_multinomial_loss":55099.565952390665,"avg_val_loss":-13605.436289141255,"_wandb":{"runtime":265},"avg_train_loss":-10551.312159127418,"loss_curve":{"sha256":"e7d0c4a5c2d9e68c86ad9ecd508ed359320f71a56fbb6cd27ab17ec1d232d727","size":23464,"path":"media/images/loss_curve_6_e7d0c4a5c2d9e68c86ad.png","format":"png","width":1000,"height":600,"_type":"image-file"},"avg_val_poisson_loss":-50373.3336063508,"_step":6,"epoch":1,"avg_val_multinomial_loss":36767.897807459674,"_timestamp":1.7689471816522596e+09}